<?xml version="1.0" encoding="utf-8" ?>
<dwsync>
<file name="utils.php" server="unifyp.com" local="132261565035164603" remote="132264310800000000" Dst="0" />
<file name="php_image_magician.php" server="unifyp.com" local="132261565037156212" remote="132264310800000000" Dst="0" />
<file name="mime_type_lib.php" server="unifyp.com" local="132261565034232256" remote="132264312000000000" Dst="0" />
<file name="FtpClient.php" server="unifyp.com" local="132261565082817266" remote="132264313800000000" Dst="0" />
<file name="FtpException.php" server="unifyp.com" local="132261565060332882" remote="132264313800000000" Dst="0" />
<file name="Response.php" server="unifyp.com" local="132261565056444440" remote="132264313800000000" Dst="0" />
<file name="FtpWrapper.php" server="unifyp.com" local="132261565057742157" remote="132264313800000000" Dst="0" />
<file name="ftp_class.php" server="unifyp.com" local="132261565294631064" remote="132264313800000000" Dst="0" />
</dwsync>