<?xml version="1.0" encoding="utf-8" ?>
<dwsync>
<file name="ApproxStructureDemo.ts" server="unifyp.com" local="132261557865076084" remote="132264367800000000" Dst="0" />
<file name="DemoContainer.ts" server="unifyp.com" local="132261557862131533" remote="132264367800000000" Dst="0" />
<file name="FocusDemos.ts" server="unifyp.com" local="132261557854074888" remote="132264367800000000" Dst="0" />
<file name="FormDemo.ts" server="unifyp.com" local="132261557853375196" remote="132264367800000000" Dst="0" />
<file name="GeneralStepsDemo.ts" server="unifyp.com" local="132261557843147714" remote="132264367800000000" Dst="0" />
<file name="HtmlAssertionDemo.ts" server="unifyp.com" local="132261557841318483" remote="132264367800000000" Dst="0" />
<file name="MouseDemo.ts" server="unifyp.com" local="132261557831865201" remote="132264367800000000" Dst="0" />
<file name="RunDemos.ts" server="unifyp.com" local="132261557797447298" remote="132264367800000000" Dst="0" />
<file name="KeyboardDemo.ts" server="unifyp.com" local="132261557832447218" remote="132264367800000000" Dst="0" />
</dwsync>