<?xml version="1.0" encoding="utf-8" ?>
<dwsync>
<file name="favicon.ico" server="unifyp.com" local="132261566561091234" remote="132264312000000000" Dst="0" />
<file name="ac3.jpg" server="unifyp.com" local="132261566672827971" remote="132264312600000000" Dst="0" />
<file name="accdb.jpg" server="unifyp.com" local="132261566667325266" remote="132264312600000000" Dst="0" />
<file name="ade.jpg" server="unifyp.com" local="132261566660682973" remote="132264312600000000" Dst="0" />
<file name="adp.jpg" server="unifyp.com" local="132261566648820356" remote="132264312600000000" Dst="0" />
<file name="ai.jpg" server="unifyp.com" local="132261566648073888" remote="132264312600000000" Dst="0" />
<file name="aiff.jpg" server="unifyp.com" local="132261566637061701" remote="132264312600000000" Dst="0" />
<file name="avi.jpg" server="unifyp.com" local="132261566625398580" remote="132264312600000000" Dst="0" />
<file name="bmp.jpg" server="unifyp.com" local="132261566624621682" remote="132264312600000000" Dst="0" />
<file name="c4d.jpg" server="unifyp.com" local="132261566642743296" remote="132264312600000000" Dst="0" />
<file name="css.jpg" server="unifyp.com" local="132261566611428429" remote="132264312600000000" Dst="0" />
<file name="csv.jpg" server="unifyp.com" local="132261566598091820" remote="132264312600000000" Dst="0" />
<file name="default.jpg" server="unifyp.com" local="132261566597215921" remote="132264312600000000" Dst="0" />
<file name="dmg.jpg" server="unifyp.com" local="132261566586255397" remote="132264312600000000" Dst="0" />
<file name="doc.jpg" server="unifyp.com" local="132261566583660381" remote="132264312600000000" Dst="0" />
<file name="docx.jpg" server="unifyp.com" local="132261566576283114" remote="132264312600000000" Dst="0" />
<file name="dwg.jpg" server="unifyp.com" local="132261566574269191" remote="132264312600000000" Dst="0" />
<file name="dxf.jpg" server="unifyp.com" local="132261566565549610" remote="132264312600000000" Dst="0" />
<file name="fla.jpg" server="unifyp.com" local="132261566555892578" remote="132264312600000000" Dst="0" />
<file name="flv.jpg" server="unifyp.com" local="132261566553423823" remote="132264312600000000" Dst="0" />
<file name="folder.png" server="unifyp.com" local="132261566545496772" remote="132264312600000000" Dst="0" />
<file name="folder_back.png" server="unifyp.com" local="132261566540977215" remote="132264312600000000" Dst="0" />
<file name="gif.jpg" server="unifyp.com" local="132261566534556901" remote="132264312600000000" Dst="0" />
<file name="gz.jpg" server="unifyp.com" local="132261566530283129" remote="132264312600000000" Dst="0" />
<file name="html.jpg" server="unifyp.com" local="132261566522701914" remote="132264312600000000" Dst="0" />
<file name="jpeg.jpg" server="unifyp.com" local="132261566512623520" remote="132264312600000000" Dst="0" />
<file name="jpg.jpg" server="unifyp.com" local="132261566509398594" remote="132264312600000000" Dst="0" />
<file name="iso.jpg" server="unifyp.com" local="132261566516997428" remote="132264312600000000" Dst="0" />
<file name="log.jpg" server="unifyp.com" local="132261566501201746" remote="132264312600000000" Dst="0" />
<file name="m4a.jpg" server="unifyp.com" local="132261566496400185" remote="132264312600000000" Dst="0" />
<file name="mdb.jpg" server="unifyp.com" local="132261566491121008" remote="132264312600000000" Dst="0" />
<file name="mid.jpg" server="unifyp.com" local="132261566486381592" remote="132264312600000000" Dst="0" />
<file name="mov.jpg" server="unifyp.com" local="132261566480579214" remote="132264312600000000" Dst="0" />
<file name="mp3.jpg" server="unifyp.com" local="132261566474328363" remote="132264312600000000" Dst="0" />
<file name="mp4.jpg" server="unifyp.com" local="132261566469463037" remote="132264312600000000" Dst="0" />
<file name="mpeg.jpg" server="unifyp.com" local="132261566463978284" remote="132264312600000000" Dst="0" />
<file name="mpg.jpg" server="unifyp.com" local="132261566458958314" remote="132264312600000000" Dst="0" />
<file name="odb.jpg" server="unifyp.com" local="132261566452166767" remote="132264312600000000" Dst="0" />
<file name="odf.jpg" server="unifyp.com" local="132261566448056155" remote="132264312600000000" Dst="0" />
<file name="odg.jpg" server="unifyp.com" local="132261566441206922" remote="132264312600000000" Dst="0" />
<file name="odt.jpg" server="unifyp.com" local="132261566424502331" remote="132264313200000000" Dst="0" />
<file name="odp.jpg" server="unifyp.com" local="132261566435063555" remote="132264313200000000" Dst="0" />
<file name="ods.jpg" server="unifyp.com" local="132261566427315887" remote="132264313200000000" Dst="0" />
<file name="otp.jpg" server="unifyp.com" local="132261566397216862" remote="132264313200000000" Dst="0" />
<file name="ogg.jpg" server="unifyp.com" local="132261566417508403" remote="132264313200000000" Dst="0" />
<file name="otg.jpg" server="unifyp.com" local="132261566407088550" remote="132264313200000000" Dst="0" />
<file name="ots.jpg" server="unifyp.com" local="132261566377384253" remote="132264313200000000" Dst="0" />
<file name="ott.jpg" server="unifyp.com" local="132261566357809924" remote="132264313200000000" Dst="0" />
<file name="pdf.jpg" server="unifyp.com" local="132261566342906577" remote="132264313200000000" Dst="0" />
<file name="ppt.jpg" server="unifyp.com" local="132261566322728526" remote="132264313200000000" Dst="0" />
<file name="pptx.jpg" server="unifyp.com" local="132261566314673614" remote="132264313200000000" Dst="0" />
<file name="png.jpg" server="unifyp.com" local="132261566334784129" remote="132264313200000000" Dst="0" />
<file name="rar.jpg" server="unifyp.com" local="132261566294436012" remote="132264313200000000" Dst="0" />
<file name="rtf.jpg" server="unifyp.com" local="132261566282583344" remote="132264313200000000" Dst="0" />
<file name="psd.jpg" server="unifyp.com" local="132261566302608838" remote="132264313200000000" Dst="0" />
<file name="skp.jpg" server="unifyp.com" local="132261566274465511" remote="132264313200000000" Dst="0" />
<file name="sql.jpg" server="unifyp.com" local="132261566262468484" remote="132264313200000000" Dst="0" />
<file name="stp.jpg" server="unifyp.com" local="132261566253787038" remote="132264313200000000" Dst="0" />
<file name="svg.jpg" server="unifyp.com" local="132261566239661110" remote="132264313200000000" Dst="0" />
<file name="tar.jpg" server="unifyp.com" local="132261566233512289" remote="132264313200000000" Dst="0" />
<file name="tiff.jpg" server="unifyp.com" local="132261566219474333" remote="132264313200000000" Dst="0" />
<file name="txt.jpg" server="unifyp.com" local="132261566213038951" remote="132264313200000000" Dst="0" />
<file name="vwx.jpg" server="unifyp.com" local="132261566199103526" remote="132264313200000000" Dst="0" />
<file name="wav.jpg" server="unifyp.com" local="132261566193329964" remote="132264313200000000" Dst="0" />
<file name="webm.jpg" server="unifyp.com" local="132261566177469901" remote="132264313200000000" Dst="0" />
<file name="wma.jpg" server="unifyp.com" local="132261566171989762" remote="132264313200000000" Dst="0" />
<file name="xhtml.jpg" server="unifyp.com" local="132261566157372006" remote="132264313200000000" Dst="0" />
<file name="xls.jpg" server="unifyp.com" local="132261566152117298" remote="132264313200000000" Dst="0" />
<file name="xlsx.jpg" server="unifyp.com" local="132261566134679358" remote="132264313200000000" Dst="0" />
<file name="xml.jpg" server="unifyp.com" local="132261566126653302" remote="132264313200000000" Dst="0" />
<file name="zip.jpg" server="unifyp.com" local="132261565921502764" remote="132264313200000000" Dst="0" />
</dwsync>