<?xml version="1.0" encoding="utf-8" ?>
<dwsync>
<file name="ArbChildrenSchema.ts" server="unifyp.com" local="132261558335657051" remote="132264369000000000" Dst="0" />
<file name="ArbSchema.ts" server="unifyp.com" local="132261558330434296" remote="132264369000000000" Dst="0" />
<file name="ArbContent.ts" server="unifyp.com" local="132261558333608296" remote="132264369000000000" Dst="0" />
<file name="ArbNodes.ts" server="unifyp.com" local="132261558330962836" remote="132264369000000000" Dst="0" />
<file name="GenSelection.ts" server="unifyp.com" local="132261558308876486" remote="132264369000000000" Dst="0" />
<file name="PropertySteps.ts" server="unifyp.com" local="132261558305937583" remote="132264369000000000" Dst="0" />
<file name="ArbSchemaTypes.ts" server="unifyp.com" local="132261558311225301" remote="132264369000000000" Dst="0" />
<file name="TagDecorator.ts" server="unifyp.com" local="132261558304992697" remote="132264369000000000" Dst="0" />
<file name="WeightedChoice.ts" server="unifyp.com" local="132261558047369606" remote="132264369000000000" Dst="0" />
</dwsync>