<?xml version="1.0" encoding="utf-8" ?>
<dwsync>
<file name="glyphicons-halflings.png" server="unifyp.com" local="132261565903371920" remote="132264311400000000" Dst="0" />
<file name="clipboard_clear.png" server="unifyp.com" local="132261566731252455" remote="132264311400000000" Dst="0" />
<file name="glyphicons-halflings-white.png" server="unifyp.com" local="132261565914487429" remote="132264311400000000" Dst="0" />
<file name="clipboard_apply.png" server="unifyp.com" local="132261566738146523" remote="132264311400000000" Dst="0" />
<file name="upload.png" server="unifyp.com" local="132261565818950244" remote="132264311400000000" Dst="0" />
<file name="down.png" server="unifyp.com" local="132261566696048962" remote="132264311400000000" Dst="0" />
<file name="trans.jpg" server="unifyp.com" local="132261565836722600" remote="132264311400000000" Dst="0" />
<file name="up.png" server="unifyp.com" local="132261565824003433" remote="132264311400000000" Dst="0" />
<file name="file_edit.png" server="unifyp.com" local="132261566673037431" remote="132264311400000000" Dst="0" />
<file name="cut.png" server="unifyp.com" local="132261566719575094" remote="132264311400000000" Dst="0" />
<file name="copy.png" server="unifyp.com" local="132261566719575094" remote="132264311400000000" Dst="0" />
<file name="rename.png" server="unifyp.com" local="132261565856860414" remote="132264311400000000" Dst="0" />
<file name="preview.png" server="unifyp.com" local="132261565860773903" remote="132264311400000000" Dst="0" />
<file name="dimension.png" server="unifyp.com" local="132261566708775699" remote="132264311400000000" Dst="0" />
<file name="date.png" server="unifyp.com" local="132261566714724575" remote="132264311400000000" Dst="0" />
<file name="label.png" server="unifyp.com" local="132261565879144932" remote="132264311400000000" Dst="0" />
<file name="size.png" server="unifyp.com" local="132261565846609095" remote="132264311400000000" Dst="0" />
<file name="download.png" server="unifyp.com" local="132261566696178528" remote="132264311400000000" Dst="0" />
<file name="info.png" server="unifyp.com" local="132261565894061757" remote="132264311400000000" Dst="0" />
<file name="zip.png" server="unifyp.com" local="132261565803473448" remote="132264311400000000" Dst="0" />
<file name="url.png" server="unifyp.com" local="132261565816040542" remote="132264311400000000" Dst="0" />
<file name="edit_img.png" server="unifyp.com" local="132261566684280976" remote="132264311400000000" Dst="0" />
<file name="duplicate.png" server="unifyp.com" local="132261566691357211" remote="132264311400000000" Dst="0" />
<file name="key.png" server="unifyp.com" local="132261565882428688" remote="132264311400000000" Dst="0" />
<file name="storing_animation.gif" server="unifyp.com" local="132261565836842291" remote="132264312600000000" Dst="0" />
<file name="loading.gif" server="unifyp.com" local="132261565879144932" remote="132264313800000000" Dst="0" />
<file name="processing.gif" server="unifyp.com" local="132261565857518664" remote="132264313800000000" Dst="0" />
<file name="logo.png" server="unifyp.com" local="132261565873629750" remote="132264313800000000" Dst="0" />
<file name="sort.png" server="unifyp.com" local="132261565838901542" remote="132264313800000000" Dst="0" />
</dwsync>