<?xml version="1.0" encoding="utf-8" ?>
<dwsync>
<file name="content.css" server="unifyp.com" local="132261563460572263" remote="132264363000000000" Dst="0" />
<file name="content.inline.min.css" server="unifyp.com" local="132261563437381897" remote="132264363000000000" Dst="0" />
<file name="content.inline.css" server="unifyp.com" local="132261563458617219" remote="132264363000000000" Dst="0" />
<file name="content.min.css" server="unifyp.com" local="132261563433965405" remote="132264363000000000" Dst="0" />
<file name="content.inline.min.css.map" server="unifyp.com" local="132261563436166739" remote="132264363000000000" Dst="0" />
<file name="content.min.css.map" server="unifyp.com" local="132261563432130191" remote="132264363000000000" Dst="0" />
<file name="content.mobile.css" server="unifyp.com" local="132261563411632076" remote="132264363000000000" Dst="0" />
<file name="content.mobile.min.css" server="unifyp.com" local="132261563410621992" remote="132264363000000000" Dst="0" />
<file name="content.mobile.min.css.map" server="unifyp.com" local="132261563406870668" remote="132264363000000000" Dst="0" />
<file name="skin.min.css" server="unifyp.com" local="132261563390553276" remote="132264363000000000" Dst="0" />
<file name="skin.css" server="unifyp.com" local="132261563391168814" remote="132264363600000000" Dst="0" />
<file name="skin.min.css.map" server="unifyp.com" local="132261563383591220" remote="132264363600000000" Dst="0" />
<file name="skin.mobile.css" server="unifyp.com" local="132261563359788880" remote="132264363600000000" Dst="0" />
<file name="skin.mobile.min.css" server="unifyp.com" local="132261563359587015" remote="132264363600000000" Dst="0" />
<file name="skin.mobile.min.css.map" server="unifyp.com" local="132261563327211150" remote="132264363600000000" Dst="0" />
</dwsync>