<?xml version="1.0" encoding="utf-8" ?>
<dwsync>
<file name="ac3.jpg" server="unifyp.com" local="132261566413033406" remote="132264313200000000" Dst="0" />
<file name="accdb.jpg" server="unifyp.com" local="132261566403140418" remote="132264313200000000" Dst="0" />
<file name="ade.jpg" server="unifyp.com" local="132261566388307690" remote="132264313200000000" Dst="0" />
<file name="adp.jpg" server="unifyp.com" local="132261566369411281" remote="132264313200000000" Dst="0" />
<file name="ai.jpg" server="unifyp.com" local="132261566353127046" remote="132264313200000000" Dst="0" />
<file name="aiff.jpg" server="unifyp.com" local="132261566341279150" remote="132264313200000000" Dst="0" />
<file name="avi.jpg" server="unifyp.com" local="132261566332736312" remote="132264313200000000" Dst="0" />
<file name="bmp.jpg" server="unifyp.com" local="132261566320906780" remote="132264313200000000" Dst="0" />
<file name="css.jpg" server="unifyp.com" local="132261566312399811" remote="132264313200000000" Dst="0" />
<file name="csv.jpg" server="unifyp.com" local="132261566300403552" remote="132264313200000000" Dst="0" />
<file name="default.jpg" server="unifyp.com" local="132261566292418452" remote="132264313200000000" Dst="0" />
<file name="doc.jpg" server="unifyp.com" local="132261566272313047" remote="132264313200000000" Dst="0" />
<file name="docx.jpg" server="unifyp.com" local="132261566259679445" remote="132264313200000000" Dst="0" />
<file name="dmg.jpg" server="unifyp.com" local="132261566279925738" remote="132264313200000000" Dst="0" />
<file name="favicon.ico" server="unifyp.com" local="132261566250693470" remote="132264313200000000" Dst="0" />
<file name="fla.jpg" server="unifyp.com" local="132261566239192391" remote="132264313200000000" Dst="0" />
<file name="flv.jpg" server="unifyp.com" local="132261566229651143" remote="132264313200000000" Dst="0" />
<file name="folder.png" server="unifyp.com" local="132261566219306425" remote="132264313200000000" Dst="0" />
<file name="folder_back.png" server="unifyp.com" local="132261566209533637" remote="132264313200000000" Dst="0" />
<file name="gif.jpg" server="unifyp.com" local="132261566199504303" remote="132264313200000000" Dst="0" />
<file name="gz.jpg" server="unifyp.com" local="132261566189178199" remote="132264313200000000" Dst="0" />
<file name="html.jpg" server="unifyp.com" local="132261566176609020" remote="132264313200000000" Dst="0" />
<file name="iso.jpg" server="unifyp.com" local="132261566167241366" remote="132264313200000000" Dst="0" />
<file name="log.jpg" server="unifyp.com" local="132261566137252356" remote="132264313200000000" Dst="0" />
<file name="jpeg.jpg" server="unifyp.com" local="132261566155484609" remote="132264313200000000" Dst="0" />
<file name="jpg.jpg" server="unifyp.com" local="132261566147340823" remote="132264313200000000" Dst="0" />
<file name="m4a.jpg" server="unifyp.com" local="132261566131546667" remote="132264313800000000" Dst="0" />
<file name="mdb.jpg" server="unifyp.com" local="132261566114811109" remote="132264313800000000" Dst="0" />
<file name="mid.jpg" server="unifyp.com" local="132261566113428167" remote="132264313800000000" Dst="0" />
<file name="mov.jpg" server="unifyp.com" local="132261566110806842" remote="132264313800000000" Dst="0" />
<file name="mp3.jpg" server="unifyp.com" local="132261566103000564" remote="132264313800000000" Dst="0" />
<file name="mp4.jpg" server="unifyp.com" local="132261566093099155" remote="132264313800000000" Dst="0" />
<file name="mpeg.jpg" server="unifyp.com" local="132261566091453198" remote="132264313800000000" Dst="0" />
<file name="mpg.jpg" server="unifyp.com" local="132261566090227532" remote="132264313800000000" Dst="0" />
<file name="odb.jpg" server="unifyp.com" local="132261566081960667" remote="132264313800000000" Dst="0" />
<file name="odf.jpg" server="unifyp.com" local="132261566071645313" remote="132264313800000000" Dst="0" />
<file name="odg.jpg" server="unifyp.com" local="132261566069659196" remote="132264313800000000" Dst="0" />
<file name="odp.jpg" server="unifyp.com" local="132261566069367628" remote="132264313800000000" Dst="0" />
<file name="ods.jpg" server="unifyp.com" local="132261566057388204" remote="132264313800000000" Dst="0" />
<file name="odt.jpg" server="unifyp.com" local="132261566047415366" remote="132264313800000000" Dst="0" />
<file name="ogg.jpg" server="unifyp.com" local="132261566045919220" remote="132264313800000000" Dst="0" />
<file name="otg.jpg" server="unifyp.com" local="132261566045609980" remote="132264313800000000" Dst="0" />
<file name="otp.jpg" server="unifyp.com" local="132261566036449992" remote="132264313800000000" Dst="0" />
<file name="ots.jpg" server="unifyp.com" local="132261566026309599" remote="132264313800000000" Dst="0" />
<file name="ott.jpg" server="unifyp.com" local="132261566025898967" remote="132264313800000000" Dst="0" />
<file name="pdf.jpg" server="unifyp.com" local="132261566025719477" remote="132264313800000000" Dst="0" />
<file name="png.jpg" server="unifyp.com" local="132261566015804092" remote="132264313800000000" Dst="0" />
<file name="pptx.jpg" server="unifyp.com" local="132261566005072024" remote="132264313800000000" Dst="0" />
<file name="psd.jpg" server="unifyp.com" local="132261566004822702" remote="132264313800000000" Dst="0" />
<file name="ppt.jpg" server="unifyp.com" local="132261566005610588" remote="132264313800000000" Dst="0" />
<file name="rar.jpg" server="unifyp.com" local="132261565995419981" remote="132264313800000000" Dst="0" />
<file name="rtf.jpg" server="unifyp.com" local="132261565984873869" remote="132264313800000000" Dst="0" />
<file name="sql.jpg" server="unifyp.com" local="132261565984953672" remote="132264313800000000" Dst="0" />
<file name="svg.jpg" server="unifyp.com" local="132261565984863901" remote="132264313800000000" Dst="0" />
<file name="tar.jpg" server="unifyp.com" local="132261565975017054" remote="132264313800000000" Dst="0" />
<file name="tiff.jpg" server="unifyp.com" local="132261565963851551" remote="132264313800000000" Dst="0" />
<file name="txt.jpg" server="unifyp.com" local="132261565962278724" remote="132264313800000000" Dst="0" />
<file name="wav.jpg" server="unifyp.com" local="132261565962269086" remote="132264313800000000" Dst="0" />
<file name="webm.jpg" server="unifyp.com" local="132261565954788031" remote="132264313800000000" Dst="0" />
<file name="wma.jpg" server="unifyp.com" local="132261565943855079" remote="132264313800000000" Dst="0" />
<file name="xhtml.jpg" server="unifyp.com" local="132261565941822968" remote="132264313800000000" Dst="0" />
<file name="xls.jpg" server="unifyp.com" local="132261565941733216" remote="132264313800000000" Dst="0" />
<file name="xlsx.jpg" server="unifyp.com" local="132261565934526612" remote="132264313800000000" Dst="0" />
<file name="xml.jpg" server="unifyp.com" local="132261565923709196" remote="132264313800000000" Dst="0" />
<file name="zip.jpg" server="unifyp.com" local="132261565921662339" remote="132264313800000000" Dst="0" />
</dwsync>