<?xml version="1.0" encoding="utf-8" ?>
<dwsync>
<file name="content.css" server="unifyp.com" local="132261563564120348" remote="132264363600000000" Dst="0" />
<file name="content.inline.css" server="unifyp.com" local="132261563558919422" remote="132264363600000000" Dst="0" />
<file name="content.inline.min.css" server="unifyp.com" local="132261563542284758" remote="132264363600000000" Dst="0" />
<file name="content.inline.min.css.map" server="unifyp.com" local="132261563540539530" remote="132264363600000000" Dst="0" />
<file name="content.min.css.map" server="unifyp.com" local="132261563532371306" remote="132264363600000000" Dst="0" />
<file name="content.min.css" server="unifyp.com" local="132261563538209192" remote="132264363600000000" Dst="0" />
<file name="content.mobile.css" server="unifyp.com" local="132261563516133069" remote="132264363600000000" Dst="0" />
<file name="content.mobile.min.css.map" server="unifyp.com" local="132261563512900256" remote="132264363600000000" Dst="0" />
<file name="content.mobile.min.css" server="unifyp.com" local="132261563514394963" remote="132264363600000000" Dst="0" />
<file name="skin.min.css" server="unifyp.com" local="132261563492579660" remote="132264363600000000" Dst="0" />
<file name="skin.css" server="unifyp.com" local="132261563492065395" remote="132264363600000000" Dst="0" />
<file name="skin.min.css.map" server="unifyp.com" local="132261563493746872" remote="132264363600000000" Dst="0" />
<file name="skin.mobile.css" server="unifyp.com" local="132261563463421972" remote="132264363600000000" Dst="0" />
<file name="skin.mobile.min.css" server="unifyp.com" local="132261563461351914" remote="132264363600000000" Dst="0" />
<file name="skin.mobile.min.css.map" server="unifyp.com" local="132261563329445130" remote="132264363600000000" Dst="0" />
</dwsync>