<?xml version="1.0" encoding="utf-8" ?>
<dwsync>
<file name="tinymce-small.ttf" server="unifyp.com" local="132261563784240765" remote="132264363000000000" Dst="0" />
<file name="tinymce-small.eot" server="unifyp.com" local="132261563796264110" remote="132264363000000000" Dst="0" />
<file name="tinymce-small.svg" server="unifyp.com" local="132261563800981855" remote="132264363000000000" Dst="0" />
<file name="tinymce-small.woff" server="unifyp.com" local="132261563776307912" remote="132264363000000000" Dst="0" />
<file name="tinymce.eot" server="unifyp.com" local="132261563775968089" remote="132264363000000000" Dst="0" />
<file name="tinymce.svg" server="unifyp.com" local="132261563775320341" remote="132264363000000000" Dst="0" />
<file name="tinymce.ttf" server="unifyp.com" local="132261563763927217" remote="132264363000000000" Dst="0" />
<file name="tinymce.woff" server="unifyp.com" local="132261563755746798" remote="132264363000000000" Dst="0" />
</dwsync>